<?xml version="1.0" encoding="UTF-8"?>
<project-private xmlns="http://www.netbeans.org/ns/project-private/1">
    <editor-bookmarks xmlns="http://www.netbeans.org/ns/editor-bookmarks/2" lastBookmarkId="0"/>
    <open-files xmlns="http://www.netbeans.org/ns/projectui-open-files/2">
        <group>
            <file>file:/D:/Conestoga/SEM-4/JavaWebTechnologies/Assignments/Assignment4/SJAPKKClub_A3_/SJAPKKClub/src/java/club/admin/MemberAdminController.java</file>
            <file>file:/D:/Conestoga/SEM-4/JavaWebTechnologies/Assignments/Assignment4/SJAPKKClub_A3_/SJAPKKClub/web/DisplayBooks.jsp</file>
            <file>file:/D:/Conestoga/SEM-4/JavaWebTechnologies/Assignments/Assignment4/SJAPKKClub_A3_/SJAPKKClub/web/DisplayMember.jsp</file>
            <file>file:/D:/Conestoga/SEM-4/JavaWebTechnologies/Assignments/Assignment4/SJAPKKClub_A3_/SJAPKKClub/web/admin.jsp</file>
        </group>
    </open-files>
</project-private>
