<?xml version="1.0" encoding="UTF-8"?>
<project-private xmlns="http://www.netbeans.org/ns/project-private/1">
    <editor-bookmarks xmlns="http://www.netbeans.org/ns/editor-bookmarks/2" lastBookmarkId="0"/>
    <open-files xmlns="http://www.netbeans.org/ns/projectui-open-files/2">
        <group>
            <file>file:/Z:/Conestoga/Java/Assignment4/SJAPKKClub/SJAPKKClub/web/admin.jsp</file>
            <file>file:/Z:/Conestoga/Java/Assignment4/SJAPKKClub/SJAPKKClub/web/EditMember.jsp</file>
            <file>file:/Z:/Conestoga/Java/Assignment4/SJAPKKClub/SJAPKKClub/src/java/club/admin/MemberAdminController.java</file>
            <file>file:/Z:/Conestoga/Java/Assignment4/SJAPKKClub/SJAPKKClub/web/DisplayMember.jsp</file>
            <file>file:/Z:/Conestoga/Java/Assignment4/SJAPKKClub/SJAPKKClub/src/java/club/business/Member.java</file>
        </group>
    </open-files>
</project-private>
