<?xml version="1.0" encoding="UTF-8"?>
<project-private xmlns="http://www.netbeans.org/ns/project-private/1">
    <editor-bookmarks xmlns="http://www.netbeans.org/ns/editor-bookmarks/2" lastBookmarkId="0"/>
    <open-files xmlns="http://www.netbeans.org/ns/projectui-open-files/2">
        <group>
            <file>file:/Z:/Conestoga/Java/Assignment%203/SJAPKKClub_A3/SJAPKKClub/src/java/club/cart/LoanServlet.java</file>
            <file>file:/Z:/Conestoga/Java/Assignment%203/SJAPKKClub_A3/SJAPKKClub/web/ECart.jsp</file>
            <file>file:/Z:/Conestoga/Java/Assignment%203/SJAPKKClub_A3/SJAPKKClub/src/java/club/cart/ClearCartServlet.java</file>
            <file>file:/Z:/Conestoga/Java/Assignment%203/SJAPKKClub_A3/SJAPKKClub/src/java/club/cart/CartServlet.java</file>
        </group>
    </open-files>
</project-private>
